sidechain_smiles,monomer_smiles,source,link,delta_D_corr,delta_P_corr,delta_H_corr,Ra_Water,Ra_Diiodomethane,Ra_n_Hexadecane,Ra_PTFE,RED_Water,RED_Diiodomethane,RED_n_Hexadecane,RED_PTFE
C[Si](C)(C)[Si](NC12CC3CC(CC(C3)C1)C2)([Si](C)(C)C)[Si](C)(C)C,C[Si](C)(C)[Si](N(C(=O)[C@@H]1[C@H](C(=O)N(C23CC4CC(CC(C4)C2)C3)[Si]([Si](C)(C)C)([Si](C)(C)C)[Si](C)(C)C)[C@@H]2C=C[C@@H]1C2)C12CC3CC(CC(C3)C1)C2)([Si](C)(C)C)[Si](C)(C)C,Ambeed,https://www.ambeed.com/products/2451224-01-2.html,16.2061,-48.245,-19.4926,89.1500967391511,57.912806430011656,52.034380447930765,52.504403897197044,5.008432401075904,8.273258061430237,10.406876089586152,7.500629128171006
Nc1cc(S(=O)(=O)O)cc2cc(S(=O)(=O)O)cc(S(=O)(=O)O)c12,O=C(Nc1cc(S(=O)(=O)O)cc2cc(S(=O)(=O)O)cc(S(=O)(=O)O)c12)[C@@H]1[C@H](C(=O)Nc2cc(S(=O)(=O)O)cc3cc(S(=O)(=O)O)cc(S(=O)(=O)O)c23)[C@@H]2C=C[C@@H]1C2,Sigma-Aldrich,https://www.sigmaaldrich.com/catalog/product/aldrich/ph002034,29.3395,80.4534,6.4563,78.77270239270707,79.96235240567901,84.82067921356207,87.30363808141102,4.425432718691408,11.423193200811287,16.964135842712416,12.471948297344431
CSC(=NC#N)SCSc1sc(C#N)c(N)c1C#N,CSC(=NC#N)SCSc1sc(C#N)c(NC(=O)[C@@H]2[C@H](C(=O)Nc3c(C#N)sc(SCSC(=NC#N)SC)c3C#N)[C@@H]3C=C[C@@H]2C3)c1C#N,Oakwood Products,http://www.oakwoodchemical.com/ProductsList.aspx?CategoryID=-2&txtSearch=17845&ExtHyperLink=1,27.7102,76.03,2.2656,76.17552113060992,74.87353671037584,79.4132514100764,81.77357922654481,4.279523659023029,10.696219530053693,15.88265028201528,11.6819398895064
N#CSc1cc(SC#N)c2ccccc2c1N,N#CSc1cc(SC#N)c2ccccc2c1NC(=O)[C@@H]1[C@H](C(=O)Nc2c(SC#N)cc(SC#N)c3ccccc23)[C@@H]2C=C[C@@H]1C2,Sigma-Aldrich,https://www.sigmaaldrich.com/catalog/product/aldrich/s929093,28.5522,71.4894,4.5165,72.02850882789397,70.93471282785319,75.70732265752105,78.33455217188644,4.046545439769324,10.133530403979027,15.141464531504209,11.190650310269492
CC(C)(C)c1cc(SC#N)c(N)c(SC#N)c1,CC(C)(C)c1cc(SC#N)c(NC(=O)[C@@H]2[C@H](C(=O)Nc3c(SC#N)cc(C(C)(C)C)cc3SC#N)[C@@H]3C=C[C@@H]2C3)c(SC#N)c1,Combi-Blocks,https://www.combi-blocks.com/cgi-bin/find.cgi?QB-8292,26.0011,72.8786,4.0662,71.6804785505789,70.91639588444974,75.52661574067781,77.68848927119127,4.026993176998814,10.130913697778535,15.105323148135563,11.098355610170183
Nc1cc(C(Cl)=C(Cl)Cl)c(S(N)(=O)=O)cc1S(N)(=O)=O,NS(=O)(=O)c1cc(S(N)(=O)=O)c(C(Cl)=C(Cl)Cl)cc1NC(=O)[C@@H]1[C@H](C(=O)Nc2cc(C(Cl)=C(Cl)Cl)c(S(N)(=O)=O)cc2S(N)(=O)=O)[C@@H]2C=C[C@@H]1C2,Sigma-Aldrich,https://www.sigmaaldrich.com/catalog/product/sial/33973?utm_source=pubchem&utm_campaign=pubchem_2017&utm_medium=referral,28.4609,73.0894,9.0228,70.98247211417758,72.48587688260382,77.55656817729881,80.10677366764935,3.9877793322571673,10.355125268943402,15.511313635459762,11.443824809664193
CC(C)(C)P(CCNCCP(C(C)(C)C)C(C)(C)C)C(C)(C)C,CC(C)(C)P(CCN(CCP(C(C)(C)C)C(C)(C)C)C(=O)[C@@H]1[C@H](C(=O)N(CCP(C(C)(C)C)C(C)(C)C)CCP(C(C)(C)C)C(C)(C)C)[C@@H]2C=C[C@@H]1C2)C(C)(C)C,Sigma-Aldrich,https://www.sigmaaldrich.com/catalog/product/aldrich/739022?utm_source=pubchem&utm_campaign=pubchem_2017&utm_medium=referral,-10.9998,-16.0086,8.643,70.47199247303854,61.024132301246205,57.55078664206077,50.771042958757505,3.959100700732502,8.717733185892316,11.510157328412154,7.253006136965358
CC1=C(C(=O)OC(C)(C)C)CC(C(=O)OC(C)(C)C)=C(C)N1,CC1=C(C(=O)OC(C)(C)C)CC(C(=O)OC(C)(C)C)=C(C)N1C(=O)[C@@H]1[C@H](C(=O)N2C(C)=C(C(=O)OC(C)(C)C)CC(C(=O)OC(C)(C)C)=C2C)[C@@H]2C=C[C@@H]1C2,Sigma-Aldrich,https://www.sigmaaldrich.com/catalog/product/aldrich/659142?utm_source=pubchem&utm_campaign=pubchem_2017&utm_medium=referral,-13.3793,-3.5416,8.9388,69.5046737274552,62.89513295923621,60.132258147852724,53.03738898135918,3.904756950980629,8.9850189941766,12.026451629570545,7.576769854479883
CC(C)(C)[Si](C)(C)OCCNCCO[Si](C)(C)C(C)(C)C,CC(C)(C)[Si](C)(C)OCCN(CCO[Si](C)(C)C(C)(C)C)C(=O)[C@@H]1[C@H](C(=O)N(CCO[Si](C)(C)C(C)(C)C)CCO[Si](C)(C)C(C)(C)C)[C@@H]2C=C[C@@H]1C2,Ambeed,https://www.ambeed.com/products/169527-49-5.html,8.2131,-28.6966,-5.3218,66.91799110284168,39.33553473946935,33.36777207486289,30.534333024318705,3.759437702406836,5.619362105638479,6.673554414972578,4.362047574902673
Nc1cc(Cl)c(S(=O)(=O)Cl)cc1S(=O)(=O)Cl,O=C(Nc1cc(Cl)c(S(=O)(=O)Cl)cc1S(=O)(=O)Cl)[C@@H]1[C@H](C(=O)Nc2cc(Cl)c(S(=O)(=O)Cl)cc2S(=O)(=O)Cl)[C@@H]2C=C[C@@H]1C2,Sigma-Aldrich,https://www.sigmaaldrich.com/catalog/product/aldrich/s602078,27.8642,65.8794,5.3673,66.80922571179822,65.16606571069026,70.02732423997078,72.72355258243371,3.7533272871796752,9.309437958670037,14.005464847994157,10.389078940347673
CC(C)(C)[Si](C)(C)OCC(N)(CO[Si](C)(C)C(C)(C)C)CO[Si](C)(C)C(C)(C)C,CC(C)(C)[Si](C)(C)OCC(CO[Si](C)(C)C(C)(C)C)(CO[Si](C)(C)C(C)(C)C)NC(=O)[C@@H]1[C@H](C(=O)NC(CO[Si](C)(C)C(C)(C)C)(CO[Si](C)(C)C(C)(C)C)CO[Si](C)(C)C(C)(C)C)[C@@H]2C=C[C@@H]1C2,Ambeed,https://www.ambeed.com/products/102522-47-4.html,5.1479,-20.5798,-9.211200000000002,66.4842040722456,38.15733941353878,31.715165317557467,27.138740411448723,3.7350676445081796,5.451048487648397,6.343033063511493,3.876962915921246
N#CSc1cc(S(N)(=O)=O)ccc1N,N#CSc1cc(S(N)(=O)=O)ccc1NC(=O)[C@@H]1[C@H](C(=O)Nc2ccc(S(N)(=O)=O)cc2SC#N)[C@@H]2C=C[C@@H]1C2,Sigma-Aldrich,https://www.sigmaaldrich.com/catalog/product/aldrich/ph008161,26.3922,65.8036,6.1957,65.25702364351288,64.24829410038838,69.10796245592833,71.54303484484007,3.666124923792858,9.178327728626911,13.821592491185665,10.220433549262866
C[Si](C)(C)O[Si](CCCN)(O[Si](C)(C)C)O[Si](C)(C)C,C[Si](C)(C)O[Si](CCCNC(=O)[C@@H]1[C@H](C(=O)NCCC[Si](O[Si](C)(C)C)(O[Si](C)(C)C)O[Si](C)(C)C)[C@@H]2C=C[C@@H]1C2)(O[Si](C)(C)C)O[Si](C)(C)C,Sigma-Aldrich,https://www.sigmaaldrich.com/catalog/product/sial/09329?utm_source=pubchem&utm_campaign=pubchem_2017&utm_medium=referral,13.3743,-4.673199999999998,-19.3852,65.19600830756434,27.76905146453512,20.781329583065663,19.986082638676343,3.662697095930581,3.967007352076446,4.156265916613132,2.855154662668049
Nc1cccc(S(=O)(=O)N2CCCN(S(=O)(=O)c3ccc4c(c3)OCCO4)CC2)c1,O=C(Nc1cccc(S(=O)(=O)N2CCCN(S(=O)(=O)c3ccc4c(c3)OCCO4)CC2)c1)[C@@H]1[C@H](C(=O)Nc2cccc(S(=O)(=O)N3CCCN(S(=O)(=O)c4ccc5c(c4)OCCO5)CC3)c2)[C@@H]2C=C[C@@H]1C2,Ambeed,https://www.ambeed.com/products/1203494-49-8.html,32.04,62.0392,11.0859,64.71641503861288,64.98060676424929,70.44678782918352,73.94526296829298,3.635753653854656,9.282943823464183,14.089357565836703,10.563608995470426
CC(C)(C)OC(=O)N(CCN)C(CO[Si](C)(C)C(C)(C)C)CO[Si](C)(C)C(C)(C)C,CC(C)(C)OC(=O)N(CCNC(=O)[C@@H]1[C@H](C(=O)NCCN(C(=O)OC(C)(C)C)C(CO[Si](C)(C)C(C)(C)C)CO[Si](C)(C)C(C)(C)C)[C@@H]2C=C[C@@H]1C2)C(CO[Si](C)(C)C(C)(C)C)CO[Si](C)(C)C(C)(C)C,Combi-Blocks,https://www.combi-blocks.com/cgi-bin/find.cgi?QJ-1726,-3.4895,-7.124999999999998,-4.3482,64.44551675050793,45.07226319190107,40.44959467337095,33.43758527824639,3.62053464890494,6.438894741700153,8.089918934674191,4.776797896892341
COC(=O)C1=C(C(=O)OC)SC(=C2C(=S)C(C)(C)Nc3cc(OC)ccc32)S1,COC(=O)C1=C(C(=O)OC)SC(=C2C(=S)C(C)(C)N(C(=O)[C@@H]3[C@H](C(=O)N4c5cc(OC)ccc5C(=C5SC(C(=O)OC)=C(C(=O)OC)S5)C(=S)C4(C)C)[C@@H]4C=C[C@@H]3C4)c3cc(OC)ccc32)S1,Combi-Blocks,https://www.combi-blocks.com/cgi-bin/find.cgi?QY-9632,28.3568,62.6708,7.0615,63.883524322394734,62.4678262776127,67.52006857112927,70.41331905151183,3.5889620405839735,8.9239751825161,13.504013714225854,10.059045578787405
CCOc1ccc2c(c1)C(=C1SC(C(=O)OC)=C(C(=O)OC)S1)C(=S)C(C)(C)N2,CCOc1ccc2c(c1)C(=C1SC(C(=O)OC)=C(C(=O)OC)S1)C(=S)C(C)(C)N2C(=O)[C@@H]1[C@H](C(=O)N2c3ccc(OCC)cc3C(=C3SC(C(=O)OC)=C(C(=O)OC)S3)C(=S)C2(C)C)[C@@H]2C=C[C@@H]1C2,Combi-Blocks,https://www.combi-blocks.com/cgi-bin/find.cgi?QY-7451,28.0616,60.9906,4.7955,63.733168655339895,60.67153094203244,65.54533581308436,68.45995272310667,3.5805150929966234,8.667361563147491,13.109067162616872,9.779993246158096
CC(C)(C)[Si](C)(C)OCC(O)CO[Si](C)(C)C(C)(C)C,CC(C)(C)[Si](C)(C)OCC(CO[Si](C)(C)C(C)(C)C)OC(=O)[C@@H]1[C@H](C(=O)OC(CO[Si](C)(C)C(C)(C)C)CO[Si](C)(C)C(C)(C)C)[C@@H]2C=C[C@@H]1C2,Ambeed,https://www.ambeed.com/products/85951-09-3.html,9.0277,-25.1956,-4.1134,63.39435170486405,35.309834155373764,29.381690014020638,26.564665781447353,3.5614804328575307,5.044262022196252,5.876338002804127,3.794952254492479
C[Si](C)(C)Nc1ncnc2c1ncn2[Si](C)(C)C,C[Si](C)(C)N(C(=O)[C@@H]1[C@H](C(=O)N(c2ncnc3c2ncn3[Si](C)(C)C)[Si](C)(C)C)[C@@H]2C=C[C@@H]1C2)c1ncnc2c1ncn2[Si](C)(C)C,Oakwood Products,http://www.oakwoodchemical.com/ProductsList.aspx?CategoryID=-2&txtSearch=131049&ExtHyperLink=1,19.884,-22.1916,-7.2674,63.18546729525706,29.345362790737482,24.426674708604935,27.417542510589822,3.5497453536661268,4.192194684391069,4.885334941720987,3.9167917872271176
Nc1ccc(C=Cc2ccc([N+](=O)[O-])cc2S(=O)(=O)O)c(S(=O)(=O)O)c1,O=C(Nc1ccc(C=Cc2ccc([N+](=O)[O-])cc2S(=O)(=O)O)c(S(=O)(=O)O)c1)[C@@H]1[C@H](C(=O)Nc2ccc(C=Cc3ccc([N+](=O)[O-])cc3S(=O)(=O)O)c(S(=O)(=O)O)c2)[C@@H]2C=C[C@@H]1C2,Thermo Fisher Scientific,https://www.thermofisher.com/order/catalog/product/B21467.06,28.9233,58.0436,4.0109,62.88449261407776,58.55474405485861,63.423478549587614,66.61778044433782,3.5328366637122333,8.364963436408372,12.684695709917523,9.516825777762547
COC(=O)C1=C(C(=O)OC)SC(=C2C(=S)C(C)(C)Nc3ccc(C)cc32)S1,COC(=O)C1=C(C(=O)OC)SC(=C2C(=S)C(C)(C)N(C(=O)[C@@H]3[C@H](C(=O)N4c5ccc(C)cc5C(=C5SC(C(=O)OC)=C(C(=O)OC)S5)C(=S)C4(C)C)[C@@H]4C=C[C@@H]3C4)c3ccc(C)cc32)S1,Combi-Blocks,https://www.combi-blocks.com/cgi-bin/find.cgi?QY-4115,28.0803,58.3222,3.2173,62.862404062285115,58.22134354762006,62.98358440490665,66.0154871563484,3.5315957338362423,8.317334792517151,12.59671688098133,9.430783879478343
C[Si](C)(C)Nc1ccnc(O[Si](C)(C)C)n1,C[Si](C)(C)Oc1nccc(N(C(=O)[C@@H]2[C@H](C(=O)N(c3ccnc(O[Si](C)(C)C)n3)[Si](C)(C)C)[C@@H]3C=C[C@@H]2C3)[Si](C)(C)C)n1,Sigma-Aldrich,https://www.sigmaaldrich.com/catalog/product/aldrich/ph011290,17.866300000000003,-22.5406,-6.9194,62.692301660411225,29.21240160411328,23.78591868059756,25.74333637040856,3.522039419124226,4.17320022915904,4.757183736119512,3.677619481486937
N#Cc1c(/N=C2\N/C(=N/c3sc4c(c3C#N)CCCC4)c3ccccc32)sc2c1CCCC2,N#Cc1c(/N=C2/c3ccccc3/C(=N\c3sc4c(c3C#N)CCCC4)N2C(=O)[C@@H]2[C@H](C(=O)N3/C(=N\c4sc5c(c4C#N)CCCC5)c4ccccc4/C3=N\c3sc4c(c3C#N)CCCC4)[C@@H]3C=C[C@@H]2C3)sc2c1CCCC2,Sigma-Aldrich,https://www.sigmaaldrich.com/catalog/product/aldrich/r679445,30.4025,42.9954,-5.6154,62.553778489552485,47.82566720203702,51.72677414376427,55.97902431554162,3.5142572185141843,6.832238171719574,10.345354828752853,7.997003473648803
O=S(=O)(NCCCO)c1ccc2c(c1)C(=NO)c1cc(S(=O)(=O)NCCCO)ccc1-2,O=C(OCCCNS(=O)(=O)c1ccc2c(c1)C(=NO)c1cc(S(=O)(=O)NCCCO)ccc1-2)[C@@H]1[C@H](C(=O)OCCCNS(=O)(=O)c2ccc3c(c2)C(=NO)c2cc(S(=O)(=O)NCCCO)ccc2-3)[C@@H]2C=C[C@@H]1C2,Sigma-Aldrich,https://www.sigmaaldrich.com/catalog/product/aldrich/r559032,29.9678,58.472,6.9141,62.39632721699251,59.76892411755461,64.91544184683642,68.26043678566671,3.5054116414040735,8.53841773107923,12.983088369367284,9.751490969380958
CN(C)S(=O)(=O)c1ccc2c(c1)N(CCCN1CCC(CCO)CC1)c1ccccc1S2,CN(C)S(=O)(=O)c1ccc2c(c1)N(CCCN1CCC(CCOC(=O)[C@@H]3[C@H](C(=O)OCCC4CCN(CCCN5c6ccccc6Sc6ccc(S(=O)(=O)N(C)C)cc65)CC4)[C@@H]4C=C[C@@H]3C4)CC1)c1ccccc1S2,Sigma-Aldrich,https://www.sigmaaldrich.com/catalog/product/aldrich/cds021619?utm_source=pubchem&utm_campaign=pubchem_2017&utm_medium=referral,32.3337,50.7162,3.0247,62.299739608524845,55.161557585786134,60.07994586623727,64.2122297953435,3.4999853712654407,7.880222512255162,12.015989173247453,9.173175685049072
COC(=O)C1=C(C(=O)OC)SC(=C2C(=S)C(C)(C)Nc3cc(C)c(C)cc32)S1,COC(=O)C1=C(C(=O)OC)SC(=C2C(=S)C(C)(C)N(C(=O)[C@@H]3[C@H](C(=O)N4c5cc(C)c(C)cc5C(=C5SC(C(=O)OC)=C(C(=O)OC)S5)C(=S)C4(C)C)[C@@H]4C=C[C@@H]3C4)c3cc(C)c(C)cc32)S1,Combi-Blocks,https://www.combi-blocks.com/cgi-bin/find.cgi?QY-0612,28.0646,58.234,4.0182,62.2951335168326,58.10187036473095,62.936221207504985,65.9668736554947,3.4997266020692472,8.300267194961565,12.587244241500997,9.4238390936421
CC(C)(C)[Si](C)(C)Oc1cc(O)cc(O[Si](C)(C)C(C)(C)C)c1,CC(C)(C)[Si](C)(C)Oc1cc(OC(=O)[C@@H]2[C@H](C(=O)Oc3cc(O[Si](C)(C)C(C)(C)C)cc(O[Si](C)(C)C(C)(C)C)c3)[C@@H]3C=C[C@@H]2C3)cc(O[Si](C)(C)C(C)(C)C)c1,Combi-Blocks,https://www.combi-blocks.com/cgi-bin/find.cgi?QD-6614,15.9128,-25.6556,-3.9976,62.28433504887083,31.27273560915322,25.976726361880168,26.748438318526187,3.4991199465657767,4.46753365845046,5.195345272376033,3.8212054740751698
CCc1ccc2c(c1)C(=C1SC(C(=O)OC)=C(C(=O)OC)S1)C(=S)C(C)(C)N2,CCc1ccc2c(c1)C(=C1SC(C(=O)OC)=C(C(=O)OC)S1)C(=S)C(C)(C)N2C(=O)[C@@H]1[C@H](C(=O)N2c3ccc(CC)cc3C(=C3SC(C(=O)OC)=C(C(=O)OC)S3)C(=S)C2(C)C)[C@@H]2C=C[C@@H]1C2,Combi-Blocks,https://www.combi-blocks.com/cgi-bin/find.cgi?QZ-8323,27.6346,57.8796,3.5479,62.00500156608336,57.484653075494855,62.261772535079665,65.22886477020737,3.4834270542743457,8.212093296499265,12.452354507015933,9.318409252886767
Nc1c(S(N)(=O)=O)cc(S(N)(=O)=O)c(Cl)c1Cl,NS(=O)(=O)c1cc(S(N)(=O)=O)c(NC(=O)[C@@H]2[C@H](C(=O)Nc3c(S(N)(=O)=O)cc(S(N)(=O)=O)c(Cl)c3Cl)[C@@H]3C=C[C@@H]2C3)c(Cl)c1Cl,Sigma-Aldrich,https://www.sigmaaldrich.com/catalog/product/aldrich/ph011193,27.5652,59.849,5.7425,61.97952735710397,59.26032341634662,64.20668213986765,67.07291399223683,3.481995918938425,8.465760488049517,12.84133642797353,9.581844856033834
COC(=O)C1=C(C(=O)OC)SC(=C2C(=S)C(C)(C)Nc3ccccc32)S1,COC(=O)C1=C(C(=O)OC)SC(=C2C(=S)C(C)(C)N(C(=O)[C@@H]3[C@H](C(=O)N4c5ccccc5C(=C5SC(C(=O)OC)=C(C(=O)OC)S5)C(=S)C4(C)C)[C@@H]4C=C[C@@H]3C4)c3ccccc32)S1,Combi-Blocks,https://www.combi-blocks.com/cgi-bin/find.cgi?QY-3921,28.0961,58.4104,4.7883,61.97109492247172,58.27459931985805,63.17669305914959,66.20318894048836,3.4815221866557144,8.324942759979722,12.63533861182992,9.457598420069766
CN(CCO)S(=O)(=O)c1ccc2c(c1)Cc1cc(S(=O)(=O)N(C)CCO)ccc1-2,CN(CCO)S(=O)(=O)c1ccc2c(c1)Cc1cc(S(=O)(=O)N(C)CCOC(=O)[C@@H]3[C@H](C(=O)OCCN(C)S(=O)(=O)c4ccc5c(c4)Cc4cc(S(=O)(=O)N(C)CCO)ccc4-5)[C@@H]4C=C[C@@H]3C4)ccc1-2,Sigma-Aldrich,https://www.sigmaaldrich.com/catalog/product/aldrich/r605956,30.8778,63.8156,17.8435,61.88989357698073,66.53086897801651,72.39385545037645,75.58141932360095,3.476960313313524,9.50440985400236,14.47877109007529,10.79734561765728
N#CCCN(CCC#N)S(=O)(=O)c1ccc(N)cc1,N#CCCN(CCC#N)S(=O)(=O)c1ccc(NC(=O)[C@@H]2[C@H](C(=O)Nc3ccc(S(=O)(=O)N(CCC#N)CCC#N)cc3)[C@@H]3C=C[C@@H]2C3)cc1,Sigma-Aldrich,https://www.sigmaaldrich.com/catalog/product/aldrich/s195073,24.5508,63.3392,7.0631,61.72768342332312,60.973395680493304,65.8334598878868,67.99637843892864,3.4678473833327597,8.71048509721333,13.166691977577361,9.713768348418379
CC(C)=CCC/C(C)=C/CC/C(C)=C/CC/C(C)=C\CC/C(C)=C\CO,CC(C)=CCC/C(C)=C/CC/C(C)=C/CC/C(C)=C\CC/C(C)=C\COC(=O)[C@@H]1[C@H](C(=O)OC/C=C(/C)CC/C=C(/C)CC/C=C(\C)CC/C=C(\C)CCC=C(C)C)[C@@H]2C=C[C@@H]1C2,Sigma-Aldrich,https://www.sigmaaldrich.com/catalog/product/avanti/900210o?utm_source=pubchem&utm_campaign=pubchem_2017&utm_medium=referral,-9.0419,7.4186,5.984,61.65802222257862,53.80116341121259,51.57219662182328,44.516117804678345,3.463933832729136,7.685880487316084,10.314439324364656,6.359445400668335
NS(=O)(=O)c1ccc2c(c1)C(=NNc1ccccc1)c1cc(S(N)(=O)=O)ccc1-2,NS(=O)(=O)c1ccc2c(c1)C(=NN(C(=O)[C@@H]1[C@H](C(=O)N(N=C3c4cc(S(N)(=O)=O)ccc4-c4ccc(S(N)(=O)=O)cc43)c3ccccc3)[C@@H]3C=C[C@@H]1C3)c1ccccc1)c1cc(S(N)(=O)=O)ccc1-2,Sigma-Aldrich,https://www.sigmaaldrich.com/catalog/product/aldrich/r559296,30.3092,53.8738,3.906,61.52864033114985,55.9092287641316,60.849600664260734,64.482391867858,3.45666518714325,7.987032680590228,12.169920132852146,9.211770266836856
Cc1ccc(S(=O)(=O)N2CCN(S(=O)(=O)c3ccc(C)cc3)CC(O)C2)cc1,Cc1ccc(S(=O)(=O)N2CCN(S(=O)(=O)c3ccc(C)cc3)CC(OC(=O)[C@@H]3[C@H](C(=O)OC4CN(S(=O)(=O)c5ccc(C)cc5)CCN(S(=O)(=O)c5ccc(C)cc5)C4)[C@@H]4C=C[C@@H]3C4)C2)cc1,Ambeed,https://www.ambeed.com/products/28860-33-5.html,29.822,49.3088,-0.183,61.11268430072435,51.69496631626719,56.23850266890113,60.033680400588466,3.4332968708272102,7.38499518803817,11.247700533780225,8.576240057226924
CC(C)(C)OC(=O)NC(=NCCCN)NC(=O)OC(C)(C)C,CC(C)(C)OC(=O)NC(=NCCCNC(=O)[C@@H]1[C@H](C(=O)NCCCN=C(NC(=O)OC(C)(C)C)NC(=O)OC(C)(C)C)[C@@H]2C=C[C@@H]1C2)NC(=O)OC(C)(C)C,Ambeed,https://www.ambeed.com/products/214151-16-3.html,-9.4188,8.7232,7.7448,61.080275368076066,54.69693482307761,52.74374691885286,45.74976938783407,3.4314761442739363,7.81384783186823,10.548749383770572,6.535681341119153
Cc1c(N)c(S(N)(=O)=O)cc(S(N)(=O)=O)c1Cl,Cc1c(Cl)c(S(N)(=O)=O)cc(S(N)(=O)=O)c1NC(=O)[C@@H]1[C@H](C(=O)Nc2c(S(N)(=O)=O)cc(S(N)(=O)=O)c(Cl)c2C)[C@@H]2C=C[C@@H]1C2,Sigma-Aldrich,https://www.sigmaaldrich.com/catalog/product/aldrich/ph005925,26.71,58.7948,4.9631,61.05813138845637,57.71723944065586,62.56942758768055,65.31907277855375,3.430232100475077,8.245319920093694,12.51388551753611,9.331296111221963
C[Si](C)(c1ccc([Si](C)(C)c2ccccc2CO)cc1)c1ccccc1CO,C[Si](C)(c1ccc([Si](C)(C)c2ccccc2COC(=O)[C@@H]2[C@H](C(=O)OCc3ccccc3[Si](C)(C)c3ccc([Si](C)(C)c4ccccc4CO)cc3)[C@@H]3C=C[C@@H]2C3)cc1)c1ccccc1CO,Combi-Blocks,https://www.combi-blocks.com/cgi-bin/find.cgi?HB-9441,25.558100000000003,-12.437399999999998,-7.8347,61.047812125333365,26.18162189953098,23.641512330855658,29.6208437639781,3.4296523665917618,3.7402316999329974,4.728302466171131,4.231549109139729
CC(C)(C)OC(=O)NC(=NCCN)NC(=O)OC(C)(C)C,CC(C)(C)OC(=O)NC(=NCCNC(=O)[C@@H]1[C@H](C(=O)NCCN=C(NC(=O)OC(C)(C)C)NC(=O)OC(C)(C)C)[C@@H]2C=C[C@@H]1C2)NC(=O)OC(C)(C)C,Sigma-Aldrich,https://www.sigmaaldrich.com/catalog/product/aldrich/84190?utm_source=pubchem&utm_campaign=pubchem_2017&utm_medium=referral,-9.4802,9.3514,7.977,60.97797782084939,54.887981736624276,53.005245581168666,46.03179660973488,3.425729091058954,7.841140248089182,10.601049116233733,6.575970944247841
CC(C)(C)OC(=O)/N=C(\N)NC(=O)OC(C)(C)C,CC(C)(C)OC(=O)/N=C(/NC(=O)OC(C)(C)C)NC(=O)[C@@H]1[C@H](C(=O)N/C(=N\C(=O)OC(C)(C)C)NC(=O)OC(C)(C)C)[C@@H]2C=C[C@@H]1C2,Sigma-Aldrich,https://www.sigmaaldrich.com/catalog/product/aldrich/496871?utm_source=pubchem&utm_campaign=pubchem_2017&utm_medium=referral,-9.6013,10.6078,8.4414,60.79294088592853,55.289884984145154,53.547100963170735,46.61732061755587,3.415333757636434,7.898554997735022,10.709420192634147,6.65961723107941
Nc1cc(S(=O)(=O)O)c2cc([N+](=O)[O-])cc(S(=O)(=O)O)c2c1,O=C(Nc1cc(S(=O)(=O)O)c2cc([N+](=O)[O-])cc(S(=O)(=O)O)c2c1)[C@@H]1[C@H](C(=O)Nc2cc(S(=O)(=O)O)c3cc([N+](=O)[O-])cc(S(=O)(=O)O)c3c2)[C@@H]2C=C[C@@H]1C2,Sigma-Aldrich,http://www.sigmaaldrich.com/catalog/product/aldrich/l163023,28.072,58.4026,7.1767,60.529723488960364,58.27006663502282,63.37735120411707,66.3894739070133,3.4005462634247396,8.32429523357469,12.675470240823413,9.484210558144756
N#Cc1c(N)nc(SCC(N)=O)c(C#N)c1-c1ccc(OCC2CC2)cc1,N#Cc1c(NC(=O)[C@@H]2[C@H](C(=O)Nc3nc(SCC(N)=O)c(C#N)c(-c4ccc(OCC5CC5)cc4)c3C#N)[C@@H]3C=C[C@@H]2C3)nc(SCC(N)=O)c(C#N)c1-c1ccc(OCC2CC2)cc1,Sigma-Aldrich,https://www.sigmaaldrich.com/catalog/product/sigma/sml1958?utm_source=pubchem&utm_campaign=pubchem_2017&utm_medium=referral,29.6993,60.6438,12.9431,60.509312820507226,61.98089978380436,67.55264079227399,70.71844962956979,3.3993995966577093,8.854414254829194,13.510528158454798,10.102635661367113
NS(=O)(=O)c1cccc(CNCc2cccc(S(N)(=O)=O)c2)c1,NS(=O)(=O)c1cccc(CN(Cc2cccc(S(N)(=O)=O)c2)C(=O)[C@@H]2[C@H](C(=O)N(Cc3cccc(S(N)(=O)=O)c3)Cc3cccc(S(N)(=O)=O)c3)[C@@H]3C=C[C@@H]2C3)c1,Ambeed,https://www.ambeed.com/products/857003-88-4.html,27.6042,53.2214,1.311,60.42828286092531,53.24131449842312,57.83922448926853,61.014562602054276,3.3948473517373765,7.605902071203303,11.567844897853707,8.716366086007755
CCOc1cc(C2C(C#N)=C(N)SC(N)=C2C#N)ccc1O,CCOc1cc(C2C(C#N)=C(N)SC(N)=C2C#N)ccc1OC(=O)[C@@H]1[C@H](C(=O)Oc2ccc(C3C(C#N)=C(N)SC(N)=C3C#N)cc2OCC)[C@@H]2C=C[C@@H]1C2,Sigma-Aldrich,https://www.sigmaaldrich.com/catalog/product/aldrich/r112399,26.2779,59.0312,5.9844,60.29228383831549,57.681738968585194,62.59975695192434,65.25283971169377,3.3872069572087353,8.2402484240836,12.519951390384868,9.32183424452768
Nc1cc(Cl)c(S(N)(=O)=O)cc1S(N)(=O)=O,NS(=O)(=O)c1cc(S(N)(=O)=O)c(NC(=O)[C@@H]2[C@H](C(=O)Nc3cc(Cl)c(S(N)(=O)=O)cc3S(N)(=O)=O)[C@@H]3C=C[C@@H]2C3)cc1Cl,Sigma-Aldrich,https://www.sigmaaldrich.com/catalog/product/sial/phr1192?utm_source=pubchem&utm_campaign=pubchem_2017&utm_medium=referral,26.7269,58.883,6.5341,60.18574936187137,57.81831739379831,62.807508518090415,65.55087982819148,3.3812218742624367,8.259759627685472,12.561501703618083,9.364411404027354
O=C1NC(=O)C(O)(C2(O)C(=O)NC(=O)NC2=O)C(=O)N1,O=C1NC(=O)C(O)(C2(OC(=O)[C@@H]3[C@H](C(=O)OC4(C5(O)C(=O)NC(=O)NC5=O)C(=O)NC(=O)NC4=O)[C@@H]4C=C[C@@H]3C4)C(=O)NC(=O)NC2=O)C(=O)N1,Sigma-Aldrich,https://www.sigmaaldrich.com/catalog/product/aldrich/s432296,25.6461,63.418,72.8163,59.92899690909234,91.21470117546842,98.35372189464921,99.97230761830998,3.366797579162491,13.03067159649549,19.670744378929843,14.28175823118714
C[Si](C)(C)O[Si](C)(CCCN)O[Si](C)(C)C,C[Si](C)(C)O[Si](C)(CCCNC(=O)[C@@H]1[C@H](C(=O)NCCC[Si](C)(O[Si](C)(C)C)O[Si](C)(C)C)[C@@H]2C=C[C@@H]1C2)O[Si](C)(C)C,Oakwood Products,http://www.oakwoodchemical.com/ProductsList.aspx?CategoryID=-2&txtSearch=200043&ExtHyperLink=1,13.4495,-4.793199999999999,-13.7222,59.89709725921616,22.820431636583915,15.613293697359312,14.612342046366148,3.365005464000908,3.260061662369131,3.1226587394718623,2.087477435195164
COc1ccc(S(=O)(=O)NCCCC(=O)Nc2ccc(Sc3ccc(N)cc3)cc2)cc1,COc1ccc(S(=O)(=O)NCCCC(=O)Nc2ccc(Sc3ccc(NC(=O)[C@@H]4[C@H](C(=O)Nc5ccc(Sc6ccc(NC(=O)CCCNS(=O)(=O)c7ccc(OC)cc7)cc6)cc5)[C@@H]5C=C[C@@H]4C5)cc3)cc2)cc1,Sigma-Aldrich,https://www.sigmaaldrich.com/catalog/product/sigma/b0186?utm_source=pubchem&utm_campaign=pubchem_2017&utm_medium=referral,30.4895,56.3122,10.0473,59.69966974054379,58.410703532229434,63.85436357156807,67.36376880141134,3.3539140303676285,8.34438621888992,12.770872714313615,9.623395543058763
O=S(=O)(O)c1ccc2cc(N=Nc3cc(S(=O)(=O)O)c4cccnc4c3O)ccc2c1,O=C(Oc1c(N=Nc2ccc3cc(S(=O)(=O)O)ccc3c2)cc(S(=O)(=O)O)c2cccnc12)[C@@H]1[C@H](C(=O)Oc2c(N=Nc3ccc4cc(S(=O)(=O)O)ccc4c3)cc(S(=O)(=O)O)c3cccnc23)[C@@H]2C=C[C@@H]1C2,Ambeed,https://www.ambeed.com/products/56990-57-9.html,31.1105,49.6468,4.2042,59.650213485619645,52.94456014436233,57.964503697349116,61.95374152446323,3.3511355890797554,7.563508592051761,11.592900739469822,8.850534503494748
Nc1ccc(S(=O)(=O)Nc2ccc(S(=O)(=O)O)cc2)cc1,O=C(Nc1ccc(S(=O)(=O)Nc2ccc(S(=O)(=O)O)cc2)cc1)[C@@H]1[C@H](C(=O)Nc2ccc(S(=O)(=O)Nc3ccc(S(=O)(=O)O)cc3)cc2)[C@@H]2C=C[C@@H]1C2,Sigma-Aldrich,https://www.sigmaaldrich.com/catalog/product/aldrich/s501468,27.7469,53.6782,3.4611,59.397417005203174,53.64503319870349,58.45899799765644,61.635745853279005,3.3369335396181556,7.663576171243355,11.691799599531288,8.805106550468428
